<?xml version="1.0" encoding="UTF-8"?>
<con:soapui-project id="9fec4af6-a4ff-4d90-908f-d8e8428a57b4" activeEnvironment="Default" name="VertexSalesTax" soapui-version="5.4.0" abortOnError="false" runType="SEQUENTIAL" resourceRoot="${projectDir}" xmlns:con="http://eviware.com/soapui/config"><con:settings/><con:interface xsi:type="con:WsdlInterface" id="1859ac13-0921-4104-ac13-c8fb89ad668b" wsaVersion="NONE" name="GetSalesTaxBinding" type="wsdl" bindingName="{http://xmlns.oracle.com/Other/VertexSalesTax/GetSalesTax}GetSalesTaxBinding" soapVersion="1_1" anonymous="optional" definition="http://jxn-ux-fusion11q.saksinc.com:8001/soa-infra/services/CommonModules/VertexSalesTax/getsalestax_ep?WSDL" xmlns:xsi="http://www.w3.org/2001/XMLSchema-instance"><con:settings/><con:definitionCache type="TEXT" rootPart="http://jxn-ux-fusion11q.saksinc.com:8001/soa-infra/services/CommonModules/VertexSalesTax/getsalestax_ep?WSDL"><con:part><con:url>http://jxn-ux-fusion11q.saksinc.com:8001/soa-infra/services/CommonModules/VertexSalesTax/getsalestax_ep?WSDL</con:url><con:content><![CDATA[<wsdl:definitions name="GetSalesTax" targetNamespace="http://xmlns.oracle.com/Other/VertexSalesTax/GetSalesTax" xmlns:wsdl="http://schemas.xmlsoap.org/wsdl/" xmlns:client="http://xmlns.oracle.com/Other/VertexSalesTax/GetSalesTax" xmlns:ns1="http://www.example.org" xmlns:ns2="http://www.example.org" xmlns:plnk="http://docs.oasis-open.org/wsbpel/2.0/plnktype" xmlns:soap="http://schemas.xmlsoap.org/wsdl/soap/">
  <wsdl:documentation>
    <abstractWSDL>http://jxn-ux-fusion11q.saksinc.com:8001/soa-infra/services/CommonModules/VertexSalesTax!3.1/GetSalesTax.wsdl</abstractWSDL>
  </wsdl:documentation>
  <plnk:partnerLinkType name="GetSalesTax">
    <plnk:role name="GetSalesTaxProvider" portType="client:GetSalesTax"/>
  </plnk:partnerLinkType>
  <wsdl:types>
    <schema xmlns="http://www.w3.org/2001/XMLSchema">
      <import namespace="http://www.example.org" schemaLocation="http://jxn-ux-fusion11q.saksinc.com:8001/soa-infra/services/CommonModules/VertexSalesTax/getsalestax_ep?XSD=xsd/VertexInput.xsd"/>
    </schema>
    <schema xmlns="http://www.w3.org/2001/XMLSchema">
      <import namespace="http://www.example.org" schemaLocation="http://jxn-ux-fusion11q.saksinc.com:8001/soa-infra/services/CommonModules/VertexSalesTax/getsalestax_ep?XSD=xsd/VertexOutput.xsd"/>
    </schema>
  </wsdl:types>
  <wsdl:message name="GetSalesTaxRequestMessage">
    <wsdl:part name="payload" element="ns1:getItemTax"/>
  </wsdl:message>
  <wsdl:message name="GetSalesTaxResponseMessage">
    <wsdl:part name="payload" element="ns1:getItemTaxResponse"/>
  </wsdl:message>
  <wsdl:portType name="GetSalesTax">
    <wsdl:operation name="process">
      <wsdl:input message="client:GetSalesTaxRequestMessage"/>
      <wsdl:output message="client:GetSalesTaxResponseMessage"/>
    </wsdl:operation>
  </wsdl:portType>
  <wsdl:binding name="GetSalesTaxBinding" type="client:GetSalesTax">
    <soap:binding transport="http://schemas.xmlsoap.org/soap/http"/>
    <wsdl:operation name="process">
      <soap:operation style="document" soapAction="process"/>
      <wsdl:input>
        <soap:body use="literal"/>
      </wsdl:input>
      <wsdl:output>
        <soap:body use="literal"/>
      </wsdl:output>
    </wsdl:operation>
  </wsdl:binding>
  <wsdl:service name="getsalestax_client_ep">
    <wsdl:port name="GetSalesTax_pt" binding="client:GetSalesTaxBinding">
      <soap:address location="http://jxn-ux-fusion11q.saksinc.com:8001/soa-infra/services/CommonModules/VertexSalesTax/getsalestax_ep"/>
    </wsdl:port>
  </wsdl:service>
</wsdl:definitions>]]></con:content><con:type>http://schemas.xmlsoap.org/wsdl/</con:type></con:part><con:part><con:url>http://jxn-ux-fusion11q.saksinc.com:8001/soa-infra/services/CommonModules/VertexSalesTax/getsalestax_ep?XSD=xsd/VertexInput.xsd</con:url><con:content><![CDATA[<xsd:schema targetNamespace="http://www.example.org" elementFormDefault="qualified" xmlns:xsd="http://www.w3.org/2001/XMLSchema" xmlns="http://www.example.org">
  <xsd:element name="getItemTax">
    <xsd:complexType>
      <xsd:sequence>
        <xsd:element name="environment" type="xsd:string"/>
        <xsd:element name="opco" type="xsd:integer"/>
        <xsd:element name="store" type="xsd:integer"/>
        <xsd:element name="zip" type="xsd:string"/>
        <xsd:element name="dept" type="xsd:integer"/>
        <xsd:element name="deptClass" type="xsd:integer"/>
        <xsd:element name="Price" type="xsd:float"/>
        <xsd:element name="Caller" type="xsd:string"/>
      </xsd:sequence>
    </xsd:complexType>
  </xsd:element>
</xsd:schema>]]></con:content><con:type>http://www.w3.org/2001/XMLSchema</con:type></con:part><con:part><con:url>http://jxn-ux-fusion11q.saksinc.com:8001/soa-infra/services/CommonModules/VertexSalesTax/getsalestax_ep?XSD=xsd/VertexOutput.xsd</con:url><con:content><![CDATA[<xsd:schema targetNamespace="http://www.example.org" elementFormDefault="qualified" xmlns:xsd="http://www.w3.org/2001/XMLSchema" xmlns="http://www.example.org">
  <xsd:element name="getItemTaxResponse">
    <xsd:complexType>
      <xsd:sequence>
        <xsd:element name="getItemTaxResult">
          <xsd:complexType>
            <xsd:sequence>
              <xsd:element name="StatusCode" type="xsd:string"/>
              <xsd:element name="TaxAmount" type="xsd:float"/>
            </xsd:sequence>
          </xsd:complexType>
        </xsd:element>
      </xsd:sequence>
    </xsd:complexType>
  </xsd:element>
</xsd:schema>]]></con:content><con:type>http://www.w3.org/2001/XMLSchema</con:type></con:part></con:definitionCache><con:endpoints><con:endpoint>http://jxn-ux-fusion11q.saksinc.com:8001/soa-infra/services/CommonModules/VertexSalesTax/getsalestax_ep</con:endpoint><con:endpoint>http://localhost:7800/soa-infra/services/CommonModules/VertexSalesTax/getsalestax_ep</con:endpoint></con:endpoints><con:operation id="9a671170-79da-495f-a686-d909f9e91de3" isOneWay="false" action="process" name="process" bindingOperationName="process" type="Request-Response" inputName="" receivesAttachments="false" sendsAttachments="false" anonymous="optional"><con:settings/><con:call id="bb6effea-f9b3-487e-9002-c86ee77245f8" name="Request 1"><con:settings><con:setting id="com.eviware.soapui.impl.wsdl.WsdlRequest@request-headers">&lt;xml-fragment/></con:setting></con:settings><con:encoding>UTF-8</con:encoding><con:endpoint>http://jxn-ux-fusion11q.saksinc.com:8001/soa-infra/services/CommonModules/VertexSalesTax/getsalestax_ep</con:endpoint><con:request><![CDATA[<soapenv:Envelope xmlns:soapenv="http://schemas.xmlsoap.org/soap/envelope/" xmlns:exam="http://www.example.org">\r
   <soapenv:Header/>\r
   <soapenv:Body>\r
      <exam:getItemTax>\r
         <exam:environment>?</exam:environment>\r
         <exam:opco>?</exam:opco>\r
         <exam:store>?</exam:store>\r
         <exam:zip>?</exam:zip>\r
         <exam:dept>8</exam:dept>\r
         <exam:deptClass>2</exam:deptClass>\r
         <exam:Price>?</exam:Price>\r
         <exam:Caller>?</exam:Caller>\r
      </exam:getItemTax>\r
   </soapenv:Body>\r
</soapenv:Envelope>]]></con:request><con:credentials><con:authType>No Authorization</con:authType></con:credentials><con:jmsConfig JMSDeliveryMode="PERSISTENT"/><con:jmsPropertyConfig/><con:wsaConfig mustUnderstand="NONE" version="200508" action="process"/><con:wsrmConfig version="1.2"/></con:call><con:call id="d29d3648-17e5-494f-b550-d2c9b8d5bfec" name="Copy of Request 1"><con:settings><con:setting id="com.eviware.soapui.impl.wsdl.WsdlRequest@request-headers">&lt;xml-fragment/></con:setting></con:settings><con:encoding>UTF-8</con:encoding><con:endpoint>http://jxn-ux-fusion11q.saksinc.com:8001/soa-infra/services/CommonModules/VertexSalesTax/getsalestax_ep</con:endpoint><con:request><![CDATA[<soapenv:Envelope xmlns:soapenv="http://schemas.xmlsoap.org/soap/envelope/" xmlns:exam="http://www.example.org">\r
   <soapenv:Header/>\r
   <soapenv:Body>\r
      <exam:getItemTax>\r
         <exam:environment>Q</exam:environment>\r
         <exam:opco>6</exam:opco>\r
         <exam:store>689</exam:store>\r
         <exam:zip>08833</exam:zip>\r
         <exam:dept>1</exam:dept>\r
         <exam:deptClass>1</exam:deptClass>\r
         <exam:Price>85.00</exam:Price>\r
         <exam:Caller></exam:Caller>\r
      </exam:getItemTax>\r
   </soapenv:Body>\r
</soapenv:Envelope>]]></con:request><con:credentials><con:authType>No Authorization</con:authType></con:credentials><con:jmsConfig JMSDeliveryMode="PERSISTENT"/><con:jmsPropertyConfig/><con:wsaConfig mustUnderstand="NONE" version="200508" action="process"/><con:wsrmConfig version="1.2"/></con:call></con:operation></con:interface><con:properties/><con:wssContainer/><con:oAuth2ProfileContainer/><con:oAuth1ProfileContainer/></con:soapui-project>