<?xml version="1.0" encoding="UTF-8"?>
<con:soapui-project id="a8784d29-7a18-4984-94d6-5ac0dcb8cc15" activeEnvironment="Default" name="printerService" soapui-version="5.4.0" abortOnError="false" runType="SEQUENTIAL" resourceRoot="${projectDir}" xmlns:con="http://eviware.com/soapui/config"><con:settings/><con:interface xsi:type="con:WsdlInterface" id="49cda5e5-68a4-4406-828f-6d31a2176ee9" wsaVersion="NONE" name="retrievePrinterInfoByStore_pttBinding" type="wsdl" bindingName="{http://xmlns.oracle.com/pcbpel/adapter/http/Printer/PrinterLookupService/retrievePrinterInfoREST}retrievePrinterInfoByStore_pttBinding" soapVersion="1_1" anonymous="optional" definition="http://jxn-ux-fusion11q.saksinc.com:8001/soa-infra/services/CommonModules/PrinterLookupService/retrievePrinterInfoREST?WSDL" xmlns:xsi="http://www.w3.org/2001/XMLSchema-instance"><con:settings/><con:definitionCache type="TEXT" rootPart="http://jxn-ux-fusion11q.saksinc.com:8001/soa-infra/services/CommonModules/PrinterLookupService/retrievePrinterInfoREST?WSDL"><con:part><con:url>http://jxn-ux-fusion11q.saksinc.com:8001/soa-infra/services/CommonModules/PrinterLookupService/retrievePrinterInfoREST?WSDL</con:url><con:content><![CDATA[<wsdl:definitions name="retrievePrinterInfoREST" targetNamespace="http://xmlns.oracle.com/pcbpel/adapter/http/Printer/PrinterLookupService/retrievePrinterInfoREST" xmlns:tns="http://xmlns.oracle.com/pcbpel/adapter/http/Printer/PrinterLookupService/retrievePrinterInfoREST" xmlns:wsdl="http://schemas.xmlsoap.org/wsdl/" xmlns:msg_in_out="http://xmlns.hbc.com/CommonModules/PrinterLookupService" xmlns:plt="http://schemas.xmlsoap.org/ws/2003/05/partner-link/" xmlns:soap="http://schemas.xmlsoap.org/wsdl/soap/">
  <wsdl:documentation>
    <abstractWSDL>http://jxn-ux-fusion11q.saksinc.com:8001/soa-infra/services/CommonModules/PrinterLookupService!2.0/retrievePrinterInfoREST.wsdl</abstractWSDL>
  </wsdl:documentation>
  <plt:partnerLinkType name="retrievePrinterInfoByStore_plt">
    <plt:role name="retrievePrinterInfoByStore_role">
      <plt:portType name="tns:retrievePrinterInfoByStore_ptt"/>
    </plt:role>
  </plt:partnerLinkType>
  <wsdl:types>
    <schema xmlns="http://www.w3.org/2001/XMLSchema">
      <import namespace="http://xmlns.hbc.com/CommonModules/PrinterLookupService" schemaLocation="http://jxn-ux-fusion11q.saksinc.com:8001/soa-infra/services/CommonModules/PrinterLookupService/retrievePrinterInfoREST?XSD=xsd/PrinterLookup.xsd"/>
    </schema>
  </wsdl:types>
  <wsdl:message name="PrinterLookupRequest_msg_in">
    <wsdl:part name="PrinterLookupRequest" element="msg_in_out:PrinterLookupRequest"/>
  </wsdl:message>
  <wsdl:message name="PrinterLookupResponse_msg_out">
    <wsdl:part name="PrinterLookupResponse" element="msg_in_out:PrinterLookupResponse"/>
  </wsdl:message>
  <wsdl:message name="PrinterLookupFault_msg_out">
    <wsdl:part name="FaultPart" element="msg_in_out:PrinterLookupFault"/>
  </wsdl:message>
  <wsdl:portType name="retrievePrinterInfoByStore_ptt">
    <wsdl:operation name="retrievePrinterInfoByStore">
      <wsdl:input message="tns:PrinterLookupRequest_msg_in"/>
      <wsdl:output message="tns:PrinterLookupResponse_msg_out"/>
      <wsdl:fault name="fault" message="tns:PrinterLookupFault_msg_out"/>
    </wsdl:operation>
  </wsdl:portType>
  <wsdl:binding name="retrievePrinterInfoByStore_pttBinding" type="tns:retrievePrinterInfoByStore_ptt">
    <soap:binding transport="http://schemas.xmlsoap.org/soap/http"/>
    <wsdl:operation name="retrievePrinterInfoByStore">
      <soap:operation style="document" soapAction=""/>
      <wsdl:input>
        <soap:body use="literal"/>
      </wsdl:input>
      <wsdl:output>
        <soap:body use="literal"/>
      </wsdl:output>
      <wsdl:fault name="fault">
        <soap:fault name="fault" use="literal"/>
      </wsdl:fault>
    </wsdl:operation>
  </wsdl:binding>
  <wsdl:binding name="retrievePrinterInfoByStore_ptHttpGET" type="tns:retrievePrinterInfoByStore_ptt">
    <http:binding verb="GET" xmlns:http="http://schemas.xmlsoap.org/wsdl/http/"/>
    <wsdl:operation name="retrievePrinterInfoByStore">
      <http:operation location="" xmlns:http="http://schemas.xmlsoap.org/wsdl/http/"/>
      <wsdl:input>
        <http:urlEncoded xmlns:http="http://schemas.xmlsoap.org/wsdl/http/"/>
      </wsdl:input>
      <wsdl:output>
        <mime:content type="text/xml" xmlns:mime="http://schemas.xmlsoap.org/wsdl/mime/"/>
      </wsdl:output>
    </wsdl:operation>
  </wsdl:binding>
  <wsdl:service name="retrievePrinterInfoREST">
    <wsdl:port name="retrievePrinterInfoByStore_pt_soappt" binding="tns:retrievePrinterInfoByStore_pttBinding">
      <soap:address location="http://jxn-ux-fusion11q.saksinc.com:8001/soa-infra/services/CommonModules/PrinterLookupService/retrievePrinterInfoREST"/>
    </wsdl:port>
    <wsdl:port name="retrievePrinterInfoByStore_pt" binding="tns:retrievePrinterInfoByStore_ptHttpGET">
      <http:address location="http://jxn-ux-fusion11q.saksinc.com:8001/soa-infra/services/CommonModules/PrinterLookupService/retrievePrinterInfoREST" xmlns:http="http://schemas.xmlsoap.org/wsdl/http/"/>
    </wsdl:port>
  </wsdl:service>
</wsdl:definitions>]]></con:content><con:type>http://schemas.xmlsoap.org/wsdl/</con:type></con:part><con:part><con:url>http://jxn-ux-fusion11q.saksinc.com:8001/soa-infra/services/CommonModules/PrinterLookupService/retrievePrinterInfoREST?XSD=xsd/PrinterLookup.xsd</con:url><con:content><![CDATA[<xsd:schema targetNamespace="http://xmlns.hbc.com/CommonModules/PrinterLookupService" elementFormDefault="qualified" xmlns:xsd="http://www.w3.org/2001/XMLSchema" xmlns:prnt="http://xmlns.hbc.com/CommonModules/PrinterLookupService" xmlns:pld="http://xmlns.hbc.com/CommonModules/PrinterLookupService/Types">
  <xsd:import namespace="http://xmlns.hbc.com/CommonModules/PrinterLookupService/Types" schemaLocation="http://jxn-ux-fusion11q.saksinc.com:8001/soa-infra/services/CommonModules/PrinterLookupService/retrievePrinterInfoREST?XSD=xsd/PrinterType.xsd"/>
  <xsd:element name="PrinterLookupRequest" type="pld:PrinterLookupRequestType"/>
  <xsd:element name="PrinterLookupResponse" type="pld:PrinterLookupResponseListType"/>
  <xsd:element name="PrinterLookupFault" type="pld:PrinterLookupFaultType"/>
</xsd:schema>]]></con:content><con:type>http://www.w3.org/2001/XMLSchema</con:type></con:part><con:part><con:url>http://jxn-ux-fusion11q.saksinc.com:8001/soa-infra/services/CommonModules/PrinterLookupService/retrievePrinterInfoREST?XSD=xsd/PrinterType.xsd</con:url><con:content><![CDATA[<xsd:schema targetNamespace="http://xmlns.hbc.com/CommonModules/PrinterLookupService/Types" elementFormDefault="qualified" attributeFormDefault="unqualified" xmlns:xsd="http://www.w3.org/2001/XMLSchema" xmlns:pld="http://xmlns.hbc.com/CommonModules/PrinterLookupService/Types">
  <xsd:complexType name="PrinterLookupRequestType">
    <xsd:sequence>
      <xsd:element name="storeNumber" type="xsd:decimal" minOccurs="1"/>
      <xsd:element name="printerID" type="xsd:string" minOccurs="0"/>
    </xsd:sequence>
  </xsd:complexType>
  <xsd:complexType name="PrinterLookupResponseListType">
    <xsd:sequence>
      <xsd:element name="PrinterLookupDataList" type="pld:PrinterLookupResponseType"/>
    </xsd:sequence>
  </xsd:complexType>
  <xsd:complexType name="PrinterLookupResponseType">
    <xsd:sequence>
      <xsd:element name="PrinterLookupData" type="pld:PrinterLookupOutputType" minOccurs="1" maxOccurs="unbounded"/>
    </xsd:sequence>
  </xsd:complexType>
  <xsd:complexType name="PrinterLookupOutputType">
    <xsd:sequence>
      <xsd:element name="printerID" type="xsd:string"/>
      <xsd:element name="storeNum" type="xsd:decimal"/>
      <xsd:element name="printer" type="xsd:string"/>
      <xsd:element name="printerTypeCode" type="xsd:string"/>
      <xsd:element name="printerIPAddress" type="xsd:string"/>
      <xsd:element name="severity" type="xsd:string" minOccurs="1"/>
      <xsd:element name="code" type="xsd:string" minOccurs="1"/>
      <xsd:element name="message" type="xsd:string" minOccurs="1"/>
    </xsd:sequence>
  </xsd:complexType>
  <xsd:complexType name="PrinterLookupFaultType">
    <xsd:sequence>
      <xsd:element name="severity" type="xsd:string" minOccurs="1"/>
      <xsd:element name="code" type="xsd:string" minOccurs="1"/>
      <xsd:element name="message" type="xsd:string" minOccurs="1"/>
    </xsd:sequence>
  </xsd:complexType>
</xsd:schema>]]></con:content><con:type>http://www.w3.org/2001/XMLSchema</con:type></con:part></con:definitionCache><con:endpoints><con:endpoint>http://jxn-ux-fusion11q.saksinc.com:8001/soa-infra/services/CommonModules/PrinterLookupService/retrievePrinterInfoREST</con:endpoint><con:endpoint>http://localhost:7800/soa-infra/services/CommonModules/PrinterLookupService/retrievePrinterInfoREST</con:endpoint></con:endpoints><con:operation id="2220fec3-c846-4d6f-b0d2-418d89584dd2" isOneWay="false" action="" name="retrievePrinterInfoByStore" bindingOperationName="retrievePrinterInfoByStore" type="Request-Response" inputName="" receivesAttachments="false" sendsAttachments="false" anonymous="optional"><con:settings/><con:call id="89c798ed-7206-4ca5-b880-e465069ffa81" name="Request 1"><con:settings><con:setting id="com.eviware.soapui.impl.wsdl.WsdlRequest@request-headers">&lt;xml-fragment/></con:setting></con:settings><con:encoding>UTF-8</con:encoding><con:endpoint>http://localhost:7800/soa-infra/services/CommonModules/PrinterLookupService/retrievePrinterInfoREST</con:endpoint><con:request><![CDATA[<soapenv:Envelope xmlns:soapenv="http://schemas.xmlsoap.org/soap/envelope/" xmlns:prin="http://xmlns.hbc.com/CommonModules/PrinterLookupService" xmlns:typ="http://xmlns.hbc.com/CommonModules/PrinterLookupService/Types">\r
   <soapenv:Header/>\r
   <soapenv:Body>\r
      <prin:PrinterLookupRequest>\r
         <typ:storeNumber>601</typ:storeNumber>\r
         <!--Optional:-->\r
         <typ:printerID>STR601T2</typ:printerID>\r
      </prin:PrinterLookupRequest>\r
   </soapenv:Body>\r
</soapenv:Envelope>]]></con:request><con:credentials><con:authType>No Authorization</con:authType></con:credentials><con:jmsConfig JMSDeliveryMode="PERSISTENT"/><con:jmsPropertyConfig/><con:wsaConfig mustUnderstand="NONE" version="200508" action="http://xmlns.oracle.com/pcbpel/adapter/http/Printer/PrinterLookupService/retrievePrinterInfoREST/retrievePrinterInfoByStore_ptt/retrievePrinterInfoByStoreRequest"/><con:wsrmConfig version="1.2"/></con:call></con:operation></con:interface><con:properties/><con:wssContainer/><con:oAuth2ProfileContainer/><con:oAuth1ProfileContainer/></con:soapui-project>